timestamp,simple-path,time
2021-09-04 19:10:11.453,/master/welcome,6859
2021-09-04 19:10:11.902,/master/welcome,404
2021-09-04 19:10:14.829,/master/sign-in,2786
2021-09-04 19:10:16.131,/master/welcome,607
2021-09-04 19:10:22.209,/master/welcome,568
2021-09-04 19:10:22.925,/master/welcome,595
2021-09-04 19:10:23.641,/master/welcome,545
2021-09-04 19:10:24.125,/master/welcome,417
2021-09-04 19:10:25.479,/master/sign-in,1249
2021-09-04 19:10:26.825,/master/welcome,589
2021-09-04 19:10:28.744,/administrator/user-account/list,1702
2021-09-04 19:10:29.941,/master/welcome,439
2021-09-04 19:10:30.362,/master/welcome,388
2021-09-04 19:10:31.074,/master/sign-in,591
2021-09-04 19:10:32.404,/master/welcome,625
2021-09-04 19:10:33.343,/administrator/user-account/list,670
2021-09-04 19:10:34.54,/master/welcome,381
2021-09-04 19:10:35.425,/master/welcome,854
2021-09-04 19:10:36.157,/master/sign-in,612
2021-09-04 19:10:37.43,/master/welcome,592
2021-09-04 19:10:38.241,/administrator/user-account/list,599
2021-09-04 19:10:39.406,/master/welcome,349
2021-09-04 19:10:39.777,/master/welcome,342
2021-09-04 19:10:40.48,/master/sign-in,595
2021-09-04 19:10:41.823,/master/welcome,611
2021-09-04 19:10:42.647,/administrator/user-account/list,592
2021-09-04 19:10:43.762,/master/welcome,322
2021-09-04 19:10:44.506,/administrator/user-account/list,703
2021-09-04 19:10:48.693,/master/welcome,500
2021-09-04 19:10:49.306,/master/welcome,564
2021-09-04 19:10:50.119,/master/sign-in,642
2021-09-04 19:10:51.382,/master/welcome,593
2021-09-04 19:10:56.243,/master/welcome,390
2021-09-04 19:10:56.94,/master/welcome,589
2021-09-04 19:10:57.357,/master/welcome,342
2021-09-04 19:10:57.715,/master/welcome,328
2021-09-04 19:10:58.42,/master/sign-in,595
2021-09-04 19:10:59.874,/master/welcome,601
2021-09-04 19:11:00.726,/administrator/user-account/list,586
2021-09-04 19:11:02.096,/administrator/user-account/show,1137
2021-09-04 19:11:02.916,/master/welcome,415
2021-09-04 19:11:03.632,/master/welcome,604
2021-09-04 19:11:04.033,/master/welcome,327
2021-09-04 19:11:04.412,/master/welcome,333
2021-09-04 19:11:05.118,/master/sign-in,591
2021-09-04 19:11:06.388,/master/welcome,594
2021-09-04 19:11:07.199,/administrator/user-account/list,593
2021-09-04 19:11:08.028,/administrator/user-account/show,596
2021-09-04 19:11:08.765,/master/welcome,338
2021-09-04 19:11:09.486,/master/welcome,596
2021-09-04 19:11:09.923,/master/welcome,369
2021-09-04 19:11:10.328,/master/welcome,370
2021-09-04 19:11:11.031,/master/sign-in,593
2021-09-04 19:11:12.312,/master/welcome,591
2021-09-04 19:11:13.127,/administrator/user-account/list,599
2021-09-04 19:11:13.966,/administrator/user-account/show,590
2021-09-04 19:11:14.662,/master/welcome,299
2021-09-04 19:11:15.358,/master/welcome,589
2021-09-04 19:11:15.747,/master/welcome,318
2021-09-04 19:11:16.071,/master/welcome,295
2021-09-04 19:11:16.776,/master/sign-in,595
2021-09-04 19:11:18.081,/master/welcome,592
2021-09-04 19:11:18.888,/administrator/user-account/list,592
2021-09-04 19:11:19.713,/administrator/user-account/show,590
2021-09-04 19:11:20.45,/master/welcome,325
2021-09-04 19:11:21.144,/master/welcome,588
2021-09-04 19:11:21.547,/master/welcome,337
2021-09-04 19:11:22.001,/administrator/user-account/show,414
2021-09-04 19:11:25.988,/master/welcome,463
2021-09-04 19:11:26.492,/master/welcome,468
2021-09-04 19:11:27.276,/master/sign-in,651
2021-09-04 19:11:28.535,/master/welcome,591
2021-09-04 19:11:32.728,/master/welcome,341
2021-09-04 19:11:33.501,/master/welcome,634
2021-09-04 19:11:33.891,/master/welcome,323
2021-09-04 19:11:34.218,/master/welcome,295
2021-09-04 19:11:34.921,/master/sign-in,592
2021-09-04 19:11:36.205,/master/welcome,606
2021-09-04 19:11:37.606,/authenticated/user-account/update,1167
2021-09-04 19:11:39.469,/master/welcome,1171
2021-09-04 19:11:40.243,/authenticated/user-account/update,588
2021-09-04 19:11:40.79,/master/welcome,299
2021-09-04 19:11:41.52,/master/welcome,602
2021-09-04 19:11:41.945,/master/welcome,346
2021-09-04 19:11:42.305,/master/welcome,313
2021-09-04 19:11:43.004,/master/sign-in,592
2021-09-04 19:11:44.292,/master/welcome,603
2021-09-04 19:11:45.11,/authenticated/user-account/update,601
2021-09-04 19:11:46.989,/master/welcome,1166
2021-09-04 19:11:47.747,/authenticated/user-account/update,587
2021-09-04 19:11:48.243,/master/welcome,286
2021-09-04 19:11:48.941,/master/welcome,586
2021-09-04 19:11:49.311,/master/welcome,297
2021-09-04 19:11:49.669,/master/welcome,335
2021-09-04 19:11:50.387,/master/sign-in,610
2021-09-04 19:11:51.688,/master/welcome,590
2021-09-04 19:11:52.496,/authenticated/user-account/update,590
2021-09-04 19:11:53.721,/authenticated/user-account/update,599
2021-09-04 19:11:54.109,/master/welcome,281
2021-09-04 19:11:54.436,/master/welcome,303
2021-09-04 19:11:55.146,/master/sign-in,589
2021-09-04 19:11:56.402,/master/welcome,592
2021-09-04 19:11:57.235,/authenticated/user-account/update,590
2021-09-04 19:11:58.522,/authenticated/user-account/update,599
2021-09-04 19:12:02.494,/master/welcome,460
2021-09-04 19:12:02.957,/master/welcome,430
2021-09-04 19:12:03.709,/master/sign-in,591
2021-09-04 19:12:04.972,/master/welcome,595
2021-09-04 19:12:09.255,/master/welcome,425
2021-09-04 19:12:10.599,/master/welcome,1212
2021-09-04 19:12:11.017,/master/welcome,340
2021-09-04 19:12:11.419,/master/welcome,367
2021-09-04 19:12:12.207,/anonymous/user-account/create,665
2021-09-04 19:12:13.997,/master/welcome,591
2021-09-04 19:12:14.636,/master/welcome,604
2021-09-04 19:12:15.365,/master/sign-in,605
2021-09-04 19:12:16.641,/master/welcome,593
2021-09-04 19:12:17.467,/authenticated/manager/create,612
2021-09-04 19:12:18.172,/master/welcome,637
2021-09-04 19:12:18.524,/master/welcome,294
2021-09-04 19:12:18.941,/authenticated/manager/create,367
2021-09-04 19:12:23.661,/master/welcome,478
2021-09-04 19:12:24.078,/master/welcome,390
2021-09-04 19:12:24.775,/master/sign-in,584
2021-09-04 19:12:26.035,/master/welcome,593
2021-09-04 19:12:30.245,/master/welcome,398
2021-09-04 19:12:30.946,/master/welcome,592
2021-09-04 19:12:31.303,/master/welcome,280
2021-09-04 19:12:31.634,/master/welcome,294
2021-09-04 19:12:32.388,/anonymous/user-account/create,610
2021-09-04 19:12:34.398,/master/welcome,610
2021-09-04 19:12:34.83,/master/welcome,365
2021-09-04 19:12:35.54,/master/sign-in,595
2021-09-04 19:12:36.895,/master/welcome,603
2021-09-04 19:12:37.251,/master/welcome,249
2021-09-04 19:12:37.967,/master/welcome,590
2021-09-04 19:12:38.31,/master/welcome,266
2021-09-04 19:12:38.625,/master/welcome,287
2021-09-04 19:12:39.351,/anonymous/user-account/create,603
2021-09-04 19:12:41.099,/master/welcome,594
2021-09-04 19:12:41.466,/master/welcome,305
2021-09-04 19:12:42.161,/master/sign-in,592
2021-09-04 19:12:43.455,/master/welcome,623
2021-09-04 19:12:43.809,/master/welcome,274
2021-09-04 19:12:44.511,/master/welcome,593
2021-09-04 19:12:44.865,/master/welcome,279
2021-09-04 19:12:45.592,/anonymous/user-account/create,610
2021-09-04 19:12:47.305,/anonymous/user-account/create,591
2021-09-04 19:12:47.739,/master/welcome,327
2021-09-04 19:12:48.111,/master/welcome,332
2021-09-04 19:12:48.806,/anonymous/user-account/create,589
2021-09-04 19:12:50.617,/anonymous/user-account/create,605
2021-09-04 19:12:50.941,/master/welcome,286
2021-09-04 19:12:51.298,/master/welcome,310
2021-09-04 19:12:51.993,/anonymous/user-account/create,587
2021-09-04 19:12:53.647,/anonymous/user-account/create,590
2021-09-04 19:12:54.035,/master/welcome,289
2021-09-04 19:12:54.377,/master/welcome,297
2021-09-04 19:12:55.075,/anonymous/user-account/create,589
2021-09-04 19:12:56.489,/anonymous/user-account/create,610
2021-09-04 19:12:56.799,/master/welcome,277
2021-09-04 19:13:00.703,/master/welcome,433
2021-09-04 19:13:01.074,/master/welcome,351
2021-09-04 19:13:01.771,/master/sign-in,591
2021-09-04 19:13:03.023,/master/welcome,590
2021-09-04 19:13:06.612,/master/welcome,344
2021-09-04 19:13:07.328,/master/welcome,592
2021-09-04 19:13:07.984,/master/welcome,568
2021-09-04 19:13:08.409,/master/welcome,387
2021-09-04 19:13:09.762,/master/sign-in,1227
2021-09-04 19:13:11.083,/master/welcome,625
2021-09-04 19:13:13.022,/administrator/dashboard/show,1675
2021-09-04 19:13:14.852,/master/welcome,305
2021-09-04 19:13:15.265,/administrator/dashboard/show,381
2021-09-04 19:13:19.343,/master/welcome,434
2021-09-04 19:13:19.799,/master/welcome,420
2021-09-04 19:13:20.549,/master/sign-in,616
2021-09-04 19:13:21.799,/master/welcome,590
2021-09-04 19:13:25.408,/master/welcome,323
2021-09-04 19:13:26.112,/master/welcome,603
2021-09-04 19:13:26.763,/master/welcome,563
2021-09-04 19:13:27.208,/master/welcome,409
2021-09-04 19:13:27.904,/master/sign-in,587
2021-09-04 19:13:29.194,/master/welcome,593
2021-09-04 19:13:30.542,/administrator/spamconfig/list,1132
2021-09-04 19:13:31.914,/administrator/spamconfig/show,1137
2021-09-04 19:13:32.656,/administrator/spamconfig/list,589
2021-09-04 19:13:33.054,/master/welcome,355
2021-09-04 19:13:33.412,/master/welcome,332
2021-09-04 19:13:34.113,/master/sign-in,592
2021-09-04 19:13:35.391,/master/welcome,592
2021-09-04 19:13:36.197,/administrator/spamconfig/list,592
2021-09-04 19:13:37.029,/administrator/spamconfig/show,597
2021-09-04 19:13:37.776,/administrator/spamconfig/list,595
2021-09-04 19:13:38.152,/master/welcome,331
2021-09-04 19:13:38.496,/master/welcome,314
2021-09-04 19:13:39.196,/master/sign-in,591
2021-09-04 19:13:40.502,/master/welcome,590
2021-09-04 19:13:41.309,/administrator/spamconfig/list,591
2021-09-04 19:13:42.135,/administrator/spamconfig/show,592
2021-09-04 19:13:42.913,/administrator/spamconfig/list,605
2021-09-04 19:13:43.292,/master/welcome,334
2021-09-04 19:13:43.771,/administrator/spamconfig/show,447
2021-09-04 19:13:44.224,/master/welcome,360
2021-09-04 19:13:44.597,/administrator/spamconfig/show,344
2021-09-04 19:13:44.961,/master/welcome,297
2021-09-04 19:13:45.318,/administrator/spamconfig/show,327
2021-09-04 19:13:49.856,/master/welcome,426
2021-09-04 19:13:50.252,/master/welcome,367
2021-09-04 19:13:51.014,/master/sign-in,635
2021-09-04 19:13:52.281,/master/welcome,591
2021-09-04 19:13:56.084,/master/welcome,548
2021-09-04 19:13:56.843,/master/welcome,605
2021-09-04 19:13:57.209,/master/welcome,286
2021-09-04 19:13:57.56,/master/welcome,327
2021-09-04 19:13:58.258,/master/sign-in,589
2021-09-04 19:13:59.554,/master/welcome,590
2021-09-04 19:14:00.435,/administrator/threshold/list,631
2021-09-04 19:14:01.809,/administrator/threshold/show,1140
2021-09-04 19:14:03.19,/administrator/threshold/list,1149
2021-09-04 19:14:04.018,/administrator/threshold/show,595
2021-09-04 19:14:04.469,/master/welcome,361
2021-09-04 19:14:05.166,/master/welcome,591
2021-09-04 19:14:05.509,/master/welcome,273
2021-09-04 19:14:05.888,/master/welcome,344
2021-09-04 19:14:06.579,/master/sign-in,589
2021-09-04 19:14:07.881,/master/welcome,593
2021-09-04 19:14:08.697,/administrator/threshold/list,597
2021-09-04 19:14:09.522,/administrator/threshold/show,591
2021-09-04 19:14:10.361,/administrator/threshold/list,664
2021-09-04 19:14:11.187,/administrator/threshold/show,597
2021-09-04 19:14:11.592,/master/welcome,314
2021-09-04 19:14:12.292,/master/welcome,590
2021-09-04 19:14:12.657,/master/welcome,289
2021-09-04 19:14:13.008,/master/welcome,311
2021-09-04 19:14:13.705,/master/sign-in,589
2021-09-04 19:14:14.961,/master/welcome,588
2021-09-04 19:14:15.821,/administrator/threshold/list,596
2021-09-04 19:14:16.644,/administrator/threshold/show,591
2021-09-04 19:14:17.503,/administrator/threshold/list,651
2021-09-04 19:14:18.328,/administrator/threshold/show,594
2021-09-04 19:14:18.719,/master/welcome,300
2021-09-04 19:14:19.435,/master/welcome,607
2021-09-04 19:14:19.821,/master/welcome,316
2021-09-04 19:14:20.175,/master/welcome,321
2021-09-04 19:14:20.884,/master/sign-in,601
2021-09-04 19:14:22.148,/master/welcome,589
2021-09-04 19:14:22.953,/administrator/threshold/list,592
2021-09-04 19:14:23.778,/administrator/threshold/show,595
2021-09-04 19:14:24.539,/administrator/threshold/update,592
2021-09-04 19:14:24.9,/master/welcome,316
2021-09-04 19:14:25.611,/master/welcome,605
2021-09-04 19:14:25.971,/master/welcome,288
2021-09-04 19:14:26.301,/master/welcome,300
2021-09-04 19:14:27.007,/master/sign-in,597
2021-09-04 19:14:28.262,/master/welcome,592
2021-09-04 19:14:29.1,/administrator/threshold/list,590
2021-09-04 19:14:29.923,/administrator/threshold/show,591
2021-09-04 19:14:30.704,/administrator/threshold/update,594
2021-09-04 19:14:31.06,/master/welcome,311
2021-09-04 19:14:31.776,/master/welcome,592
2021-09-04 19:14:32.135,/master/welcome,286
2021-09-04 19:14:32.481,/master/welcome,321
2021-09-04 19:14:33.181,/master/sign-in,586
2021-09-04 19:14:34.464,/master/welcome,594
2021-09-04 19:14:35.275,/administrator/threshold/list,594
2021-09-04 19:14:36.098,/administrator/threshold/show,590
2021-09-04 19:14:36.878,/administrator/threshold/update,595
2021-09-04 19:14:37.237,/master/welcome,310
2021-09-04 19:14:37.932,/master/welcome,589
2021-09-04 19:14:41.844,/master/welcome,400
2021-09-04 19:14:42.199,/master/welcome,333
2021-09-04 19:14:42.903,/master/sign-in,595
2021-09-04 19:14:44.177,/master/welcome,610
2021-09-04 19:14:48.451,/master/welcome,366
2021-09-04 19:14:49.18,/master/welcome,623
2021-09-04 19:14:49.613,/master/welcome,364
2021-09-04 19:14:49.927,/master/welcome,286
2021-09-04 19:14:50.626,/master/sign-in,594
2021-09-04 19:14:52.025,/master/welcome,601
2021-09-04 19:14:52.876,/administrator/spamconfig/create,591
2021-09-04 19:14:54.725,/master/welcome,617
2021-09-04 19:14:55.491,/administrator/spamconfig/list,593
2021-09-04 19:14:56.317,/administrator/spamconfig/show,592
2021-09-04 19:14:56.814,/master/welcome,376
2021-09-04 19:14:57.524,/master/welcome,598
2021-09-04 19:14:57.893,/master/welcome,298
2021-09-04 19:14:58.589,/master/sign-in,587
2021-09-04 19:14:59.843,/master/welcome,588
2021-09-04 19:15:01.195,/manager/task/list-mine,1137
2021-09-04 19:15:03.173,/manager/task/show,1746
2021-09-04 19:15:03.964,/manager/task/update,606
2021-09-04 19:15:04.415,/master/welcome,407
2021-09-04 19:15:05.114,/master/welcome,589
2021-09-04 19:15:05.484,/master/welcome,294
2021-09-04 19:15:05.812,/master/welcome,297
2021-09-04 19:15:06.544,/master/sign-in,591
2021-09-04 19:15:07.82,/master/welcome,594
2021-09-04 19:15:08.646,/administrator/spamconfig/create,593
2021-09-04 19:15:10.033,/master/welcome,1201
2021-09-04 19:15:10.795,/administrator/spamconfig/list,592
2021-09-04 19:15:11.616,/administrator/spamconfig/show,589
2021-09-04 19:15:12.017,/master/welcome,305
2021-09-04 19:15:12.715,/master/welcome,588
2021-09-04 19:15:13.066,/master/welcome,295
2021-09-04 19:15:13.765,/master/sign-in,581
2021-09-04 19:15:15.069,/master/welcome,621
2021-09-04 19:15:15.89,/manager/task/list-mine,608
2021-09-04 19:15:16.716,/manager/task/show,594
2021-09-04 19:15:17.492,/manager/task/update,589
2021-09-04 19:15:17.819,/master/welcome,289
2021-09-04 19:15:18.521,/master/welcome,590
2021-09-04 19:15:18.897,/master/welcome,299
2021-09-04 19:15:19.243,/master/welcome,319
2021-09-04 19:15:19.986,/master/sign-in,590
2021-09-04 19:15:21.256,/master/welcome,591
2021-09-04 19:15:22.085,/administrator/spamconfig/create,597
2021-09-04 19:15:22.862,/master/welcome,594
2021-09-04 19:15:23.638,/administrator/spamconfig/list,593
2021-09-04 19:15:24.477,/administrator/spamconfig/show,592
2021-09-04 19:15:24.867,/master/welcome,305
2021-09-04 19:15:25.566,/master/welcome,593
2021-09-04 19:15:25.91,/master/welcome,281
2021-09-04 19:15:26.611,/master/sign-in,594
2021-09-04 19:15:27.884,/master/welcome,609
2021-09-04 19:15:28.821,/manager/task/list-mine,678
2021-09-04 19:15:29.663,/manager/task/show,591
2021-09-04 19:15:30.468,/manager/task/update,611
2021-09-04 19:15:30.808,/master/welcome,295
2021-09-04 19:15:31.512,/master/welcome,595
2021-09-04 19:15:31.869,/master/welcome,281
2021-09-04 19:15:32.179,/master/welcome,290
2021-09-04 19:15:32.881,/master/sign-in,591
2021-09-04 19:15:34.203,/master/welcome,606
2021-09-04 19:15:35.017,/administrator/spamconfig/create,596
2021-09-04 19:15:35.792,/administrator/spamconfig/create,590
2021-09-04 19:15:36.151,/master/welcome,316
2021-09-04 19:15:36.852,/master/welcome,597
2021-09-04 19:15:37.224,/master/welcome,296
2021-09-04 19:15:37.552,/master/welcome,278
2021-09-04 19:15:38.252,/master/sign-in,592
2021-09-04 19:15:39.526,/master/welcome,591
2021-09-04 19:15:40.523,/administrator/spamconfig/create,637
2021-09-04 19:15:41.283,/administrator/spamconfig/create,589
2021-09-04 19:15:41.672,/master/welcome,353
2021-09-04 19:15:42.387,/master/welcome,604
2021-09-04 19:15:46.951,/master/welcome,427
2021-09-04 19:15:47.324,/master/welcome,343
2021-09-04 19:15:48.023,/master/sign-in,589
2021-09-04 19:15:49.284,/master/welcome,592
2021-09-04 19:15:52.845,/master/welcome,315
2021-09-04 19:15:53.547,/master/welcome,597
2021-09-04 19:15:54.28,/master/welcome,622
2021-09-04 19:15:54.686,/master/welcome,380
2021-09-04 19:15:55.382,/master/sign-in,590
2021-09-04 19:15:56.68,/master/welcome,590
2021-09-04 19:15:57.157,/administrator/spamconfig/show,406
2021-09-04 19:16:27.571,/master/welcome,332
2021-09-04 19:16:27.923,/administrator/spamconfig/delete,329
2021-09-04 19:16:31.796,/master/welcome,416
2021-09-04 19:16:32.196,/master/welcome,371
2021-09-04 19:16:32.922,/master/sign-in,583
2021-09-04 19:16:34.178,/master/welcome,591
2021-09-04 19:16:37.941,/master/welcome,501
2021-09-04 19:16:38.691,/master/welcome,604
2021-09-04 19:16:39.091,/master/welcome,311
2021-09-04 19:16:39.404,/master/welcome,281
2021-09-04 19:16:40.107,/master/sign-in,594
2021-09-04 19:16:41.392,/master/welcome,621
2021-09-04 19:16:42.245,/administrator/threshold/list,600
2021-09-04 19:16:43.06,/administrator/threshold/show,589
2021-09-04 19:16:43.793,/administrator/threshold/list,593
2021-09-04 19:16:44.134,/master/welcome,301
2021-09-04 19:16:44.546,/administrator/threshold/show,376
2021-09-04 19:16:48.624,/master/welcome,447
2021-09-04 19:16:49.048,/master/welcome,388
2021-09-04 19:16:49.835,/master/sign-in,667
2021-09-04 19:16:51.107,/master/welcome,593
2021-09-04 19:16:54.765,/master/welcome,365
2021-09-04 19:16:55.472,/master/welcome,604
2021-09-04 19:16:56.231,/master/welcome,632
2021-09-04 19:16:56.706,/master/welcome,451
2021-09-04 19:16:57.405,/master/sign-in,591
2021-09-04 19:16:58.684,/master/welcome,591
2021-09-04 19:16:59.536,/administrator/spamconfig/list,591
2021-09-04 19:17:00.39,/administrator/spamconfig/show,596
2021-09-04 19:17:01.276,/administrator/spamconfig/list,644
2021-09-04 19:17:02.102,/administrator/spamconfig/show,591
2021-09-04 19:17:02.535,/master/welcome,323
2021-09-04 19:17:02.864,/master/welcome,299
2021-09-04 19:17:03.559,/master/sign-in,589
2021-09-04 19:17:04.844,/master/welcome,591
2021-09-04 19:17:05.662,/administrator/spamconfig/list,611
2021-09-04 19:17:06.487,/administrator/spamconfig/show,592
2021-09-04 19:17:07.248,/administrator/spamconfig/update,594
2021-09-04 19:17:07.611,/master/welcome,298
2021-09-04 19:17:07.904,/master/welcome,266
2021-09-04 19:17:08.61,/master/sign-in,598
2021-09-04 19:17:09.899,/master/welcome,595
2021-09-04 19:17:10.71,/administrator/spamconfig/list,595
2021-09-04 19:17:11.531,/administrator/spamconfig/show,588
2021-09-04 19:17:12.338,/administrator/spamconfig/update,590
2021-09-04 19:17:16.234,/master/welcome,398
2021-09-04 19:17:16.595,/master/welcome,337
2021-09-04 19:17:17.296,/master/sign-in,595
2021-09-04 19:17:18.556,/master/welcome,595
2021-09-04 19:17:22.747,/master/welcome,310
2021-09-04 19:17:23.448,/master/welcome,594
2021-09-04 19:17:23.792,/master/welcome,271
2021-09-04 19:17:24.374,/master/welcome,546
2021-09-04 19:17:25.088,/master/sign-in,592
2021-09-04 19:17:26.368,/master/welcome,583
2021-09-04 19:17:27.215,/administrator/spamconfig/list,603
2021-09-04 19:17:27.803,/master/welcome,304
2021-09-04 19:17:28.145,/master/welcome,322
2021-09-04 19:17:29.42,/master/sign-in,1168
2021-09-04 19:17:30.693,/master/welcome,591
2021-09-04 19:17:31.516,/administrator/spamconfig/list,588
2021-09-04 19:17:32.063,/master/welcome,271
2021-09-04 19:17:32.382,/master/welcome,282
2021-09-04 19:17:33.091,/master/sign-in,593
2021-09-04 19:17:34.362,/master/welcome,591
2021-09-04 19:17:35.172,/administrator/spamconfig/list,594
2021-09-04 19:17:35.744,/master/welcome,305
2021-09-04 19:17:36.208,/administrator/spamconfig/list,427
2021-09-04 19:17:40.257,/master/welcome,461
2021-09-04 19:17:40.695,/master/welcome,405
2021-09-04 19:17:41.452,/master/sign-in,635
2021-09-04 19:17:42.706,/master/welcome,588
2021-09-04 19:17:46.341,/master/welcome,314
2021-09-04 19:17:47.042,/master/welcome,590
2021-09-04 19:17:47.586,/master/welcome,450
2021-09-04 19:17:47.987,/master/welcome,367
2021-09-04 19:17:48.687,/master/sign-in,592
2021-09-04 19:17:49.959,/master/welcome,592
2021-09-04 19:17:50.775,/administrator/threshold/list,595
2021-09-04 19:17:51.488,/master/welcome,412
2021-09-04 19:17:51.84,/master/welcome,332
2021-09-04 19:17:52.553,/master/sign-in,606
2021-09-04 19:17:53.835,/master/welcome,615
2021-09-04 19:17:54.311,/administrator/threshold/list,399
2021-09-04 19:17:59.061,/master/welcome,493
2021-09-04 19:17:59.426,/master/welcome,333
2021-09-04 19:18:00.167,/master/sign-in,613
2021-09-04 19:18:01.422,/master/welcome,591
2021-09-04 19:18:04.981,/master/welcome,308
2021-09-04 19:18:05.706,/master/welcome,610
2021-09-04 19:18:06.354,/master/welcome,562
2021-09-04 19:18:06.741,/master/welcome,362
2021-09-04 19:18:07.455,/master/sign-in,589
2021-09-04 19:18:08.775,/master/welcome,592
2021-09-04 19:18:09.984,/authenticated/task/show,1117
2021-09-04 19:18:10.752,/master/welcome,312
2021-09-04 19:18:11.067,/master/welcome,292
2021-09-04 19:18:11.767,/master/sign-in,594
2021-09-04 19:18:13.04,/master/welcome,594
2021-09-04 19:18:13.522,/authenticated/task/show,394
2021-09-04 19:18:18.205,/master/welcome,430
2021-09-04 19:18:18.592,/master/welcome,361
2021-09-04 19:18:19.307,/master/sign-in,589
2021-09-04 19:18:20.58,/master/welcome,608
2021-09-04 19:18:24.742,/master/welcome,306
2021-09-04 19:18:25.514,/master/welcome,608
2021-09-04 19:18:25.962,/master/welcome,374
2021-09-04 19:18:26.321,/master/welcome,329
2021-09-04 19:18:27.024,/master/sign-in,594
2021-09-04 19:18:28.358,/master/welcome,613
2021-09-04 19:18:29.764,/authenticated/task/list,1156
2021-09-04 19:18:32.467,/master/welcome,303
2021-09-04 19:18:32.779,/master/welcome,288
2021-09-04 19:18:33.482,/master/sign-in,595
2021-09-04 19:18:34.779,/master/welcome,588
2021-09-04 19:18:35.634,/authenticated/task/list,637
2021-09-04 19:18:38.33,/master/welcome,281
2021-09-04 19:18:38.625,/master/welcome,274
2021-09-04 19:18:39.326,/master/sign-in,593
2021-09-04 19:18:40.581,/master/welcome,591
2021-09-04 19:18:41.394,/authenticated/task/list,596
2021-09-04 19:18:44.057,/master/welcome,275
2021-09-04 19:18:44.434,/authenticated/task/list,346
2021-09-04 19:18:49.047,/master/welcome,400
2021-09-04 19:18:49.419,/master/welcome,342
2021-09-04 19:18:50.145,/master/sign-in,621
2021-09-04 19:18:51.407,/master/welcome,596
2021-09-04 19:18:54.972,/master/welcome,310
2021-09-04 19:18:55.688,/master/welcome,595
2021-09-04 19:18:56.327,/master/welcome,542
2021-09-04 19:18:56.75,/master/welcome,390
2021-09-04 19:18:57.444,/master/sign-in,590
2021-09-04 19:18:58.707,/master/welcome,595
2021-09-04 19:18:59.568,/manager/task/create,594
2021-09-04 19:19:01.324,/master/welcome,596
2021-09-04 19:19:02.172,/manager/task/list-mine,677
2021-09-04 19:19:02.999,/manager/task/show,592
2021-09-04 19:19:03.784,/master/welcome,300
2021-09-04 19:19:04.518,/master/welcome,594
2021-09-04 19:19:04.866,/master/welcome,271
2021-09-04 19:19:05.207,/master/welcome,311
2021-09-04 19:19:05.91,/master/sign-in,592
2021-09-04 19:19:07.168,/master/welcome,595
2021-09-04 19:19:07.994,/manager/task/create,595
2021-09-04 19:19:09.474,/master/welcome,612
2021-09-04 19:19:10.254,/manager/task/list-mine,612
2021-09-04 19:19:11.072,/manager/task/show,592
2021-09-04 19:19:11.819,/master/welcome,282
2021-09-04 19:19:12.52,/master/welcome,594
2021-09-04 19:19:12.881,/master/welcome,269
2021-09-04 19:19:13.208,/master/welcome,302
2021-09-04 19:19:13.908,/master/sign-in,593
2021-09-04 19:19:15.159,/master/welcome,589
2021-09-04 19:19:15.964,/manager/task/create,590
2021-09-04 19:19:17.453,/master/welcome,606
2021-09-04 19:19:18.221,/manager/task/list-mine,596
2021-09-04 19:19:19.038,/manager/task/show,592
2021-09-04 19:19:19.756,/master/welcome,275
2021-09-04 19:19:20.473,/master/welcome,592
2021-09-04 19:19:20.805,/master/welcome,257
2021-09-04 19:19:21.146,/master/welcome,297
2021-09-04 19:19:21.84,/master/sign-in,588
2021-09-04 19:19:23.096,/master/welcome,594
2021-09-04 19:19:23.914,/manager/task/create,587
2021-09-04 19:19:25.363,/master/welcome,621
2021-09-04 19:19:26.203,/manager/task/list-mine,650
2021-09-04 19:19:27.028,/manager/task/show,590
2021-09-04 19:19:27.736,/master/welcome,265
2021-09-04 19:19:28.432,/master/welcome,588
2021-09-04 19:19:28.774,/master/welcome,274
2021-09-04 19:19:29.103,/master/welcome,298
2021-09-04 19:19:29.801,/master/sign-in,590
2021-09-04 19:19:31.108,/master/welcome,594
2021-09-04 19:19:31.918,/manager/task/create,593
2021-09-04 19:19:33.532,/master/welcome,604
2021-09-04 19:19:34.363,/manager/task/list-mine,666
2021-09-04 19:19:35.196,/manager/task/show,592
2021-09-04 19:19:35.582,/master/welcome,279
2021-09-04 19:19:35.877,/master/welcome,271
2021-09-04 19:19:36.593,/master/sign-in,615
2021-09-04 19:19:37.848,/master/welcome,591
2021-09-04 19:19:38.657,/manager/task/create,594
2021-09-04 19:19:39.975,/manager/task/create,610
2021-09-04 19:19:40.345,/master/welcome,271
2021-09-04 19:19:41.046,/master/welcome,591
2021-09-04 19:19:41.386,/master/welcome,265
2021-09-04 19:19:41.685,/master/welcome,271
2021-09-04 19:19:42.382,/master/sign-in,590
2021-09-04 19:19:43.663,/master/welcome,610
2021-09-04 19:19:44.467,/manager/task/create,590
2021-09-04 19:19:45.882,/manager/task/create,610
2021-09-04 19:19:46.285,/master/welcome,274
2021-09-04 19:19:47.157,/master/welcome,678
2021-09-04 19:19:47.522,/master/welcome,280
2021-09-04 19:19:47.844,/master/welcome,292
2021-09-04 19:19:48.547,/master/sign-in,591
2021-09-04 19:19:49.849,/master/welcome,605
2021-09-04 19:19:50.656,/manager/task/create,590
2021-09-04 19:19:52.065,/manager/task/create,592
2021-09-04 19:19:52.41,/master/welcome,270
2021-09-04 19:19:53.11,/master/welcome,590
2021-09-04 19:19:53.471,/master/welcome,286
2021-09-04 19:19:53.795,/master/welcome,296
2021-09-04 19:19:54.491,/master/sign-in,586
2021-09-04 19:19:55.744,/master/welcome,588
2021-09-04 19:19:56.57,/manager/task/create,611
2021-09-04 19:19:58.012,/manager/task/create,609
2021-09-04 19:19:58.324,/master/welcome,267
2021-09-04 19:19:59.024,/master/welcome,592
2021-09-04 19:19:59.38,/master/welcome,279
2021-09-04 19:19:59.708,/master/welcome,298
2021-09-04 19:20:00.423,/master/sign-in,602
2021-09-04 19:20:01.742,/master/welcome,592
2021-09-04 19:20:02.545,/manager/task/create,589
2021-09-04 19:20:03.989,/manager/task/create,610
2021-09-04 19:20:04.302,/master/welcome,271
2021-09-04 19:20:05.002,/master/welcome,587
2021-09-04 19:20:05.356,/master/welcome,278
2021-09-04 19:20:05.665,/master/welcome,278
2021-09-04 19:20:06.395,/master/sign-in,586
2021-09-04 19:20:07.657,/master/welcome,597
2021-09-04 19:20:08.47,/manager/task/create,593
2021-09-04 19:20:09.931,/manager/task/create,610
2021-09-04 19:20:10.287,/master/welcome,282
2021-09-04 19:20:10.987,/master/welcome,592
2021-09-04 19:20:11.33,/master/welcome,267
2021-09-04 19:20:11.657,/master/welcome,297
2021-09-04 19:20:12.357,/master/sign-in,591
2021-09-04 19:20:13.617,/master/welcome,593
2021-09-04 19:20:14.423,/manager/task/create,590
2021-09-04 19:20:16.226,/manager/task/create,607
2021-09-04 19:20:16.555,/master/welcome,258
2021-09-04 19:20:17.258,/master/welcome,596
2021-09-04 19:20:21.183,/master/welcome,400
2021-09-04 19:20:21.523,/master/welcome,314
2021-09-04 19:20:22.22,/master/sign-in,587
2021-09-04 19:20:23.486,/master/welcome,607
2021-09-04 19:20:27.082,/master/welcome,319
2021-09-04 19:20:27.786,/master/welcome,595
2021-09-04 19:20:28.413,/master/welcome,537
2021-09-04 19:20:28.868,/master/welcome,419
2021-09-04 19:20:29.589,/master/sign-in,591
2021-09-04 19:20:30.941,/master/welcome,608
2021-09-04 19:20:31.428,/manager/task/show,413
2021-09-04 19:20:32.566,/master/welcome,643
2021-09-04 19:20:33.271,/manager/task/show,672
2021-09-04 19:20:33.753,/master/welcome,374
2021-09-04 19:20:34.105,/master/welcome,326
2021-09-04 19:20:34.808,/master/welcome,593
2021-09-04 19:20:35.168,/master/welcome,296
2021-09-04 19:20:35.869,/master/sign-in,592
2021-09-04 19:20:37.165,/master/welcome,593
2021-09-04 19:20:41.614,/master/welcome,577
2021-09-04 19:20:42.339,/master/welcome,588
2021-09-04 19:20:42.775,/master/welcome,357
2021-09-04 19:20:43.148,/master/welcome,348
2021-09-04 19:20:43.851,/master/sign-in,591
2021-09-04 19:20:45.109,/master/welcome,594
2021-09-04 19:20:45.514,/manager/task/delete,327
2021-09-04 19:20:50.328,/master/welcome,418
2021-09-04 19:20:50.734,/master/welcome,379
2021-09-04 19:20:51.492,/master/sign-in,610
2021-09-04 19:20:52.748,/master/welcome,592
2021-09-04 19:20:56.906,/master/welcome,318
2021-09-04 19:20:57.618,/master/welcome,597
2021-09-04 19:20:58.011,/master/welcome,321
2021-09-04 19:20:58.343,/master/welcome,308
2021-09-04 19:20:59.039,/master/sign-in,594
2021-09-04 19:21:00.291,/master/welcome,589
2021-09-04 19:21:01.046,/manager/task/show,671
2021-09-04 19:21:01.793,/master/welcome,282
2021-09-04 19:21:02.138,/master/welcome,314
2021-09-04 19:21:02.841,/master/sign-in,597
2021-09-04 19:21:04.138,/master/welcome,599
2021-09-04 19:21:04.616,/manager/task/show,394
2021-09-04 19:21:09.225,/master/welcome,416
2021-09-04 19:21:09.634,/master/welcome,376
2021-09-04 19:21:10.393,/master/sign-in,626
2021-09-04 19:21:11.651,/master/welcome,592
2021-09-04 19:21:15.206,/master/welcome,312
2021-09-04 19:21:15.93,/master/welcome,615
2021-09-04 19:21:16.637,/master/welcome,619
2021-09-04 19:21:17.026,/master/welcome,365
2021-09-04 19:21:17.836,/master/sign-in,676
2021-09-04 19:21:19.126,/master/welcome,592
2021-09-04 19:21:19.955,/manager/task/list-mine,619
2021-09-04 19:21:20.84,/manager/task/show,609
2021-09-04 19:21:23.236,/manager/task/list-mine,603
2021-09-04 19:21:25.988,/manager/task/show,589
2021-09-04 19:21:26.656,/master/welcome,284
2021-09-04 19:21:27.356,/master/welcome,588
2021-09-04 19:21:27.7,/master/welcome,272
2021-09-04 19:21:28.026,/master/welcome,294
2021-09-04 19:21:28.728,/master/sign-in,594
2021-09-04 19:21:30.002,/master/welcome,592
2021-09-04 19:21:30.817,/manager/task/list-mine,599
2021-09-04 19:21:31.642,/manager/task/show,593
2021-09-04 19:21:34.22,/manager/task/list-mine,610
2021-09-04 19:21:37.884,/manager/task/show,592
2021-09-04 19:21:38.551,/master/welcome,281
2021-09-04 19:21:39.248,/master/welcome,590
2021-09-04 19:21:39.588,/master/welcome,266
2021-09-04 19:21:39.901,/master/welcome,287
2021-09-04 19:21:40.603,/master/sign-in,595
2021-09-04 19:21:41.879,/master/welcome,610
2021-09-04 19:21:42.703,/manager/task/list-mine,619
2021-09-04 19:21:43.525,/manager/task/show,592
2021-09-04 19:21:45.952,/manager/task/list-mine,610
2021-09-04 19:21:48.668,/manager/task/show,590
2021-09-04 19:21:49.339,/master/welcome,283
2021-09-04 19:21:50.038,/master/welcome,592
2021-09-04 19:21:50.394,/master/welcome,261
2021-09-04 19:21:50.709,/master/welcome,273
2021-09-04 19:21:51.418,/master/sign-in,594
2021-09-04 19:21:52.671,/master/welcome,592
2021-09-04 19:21:53.55,/manager/task/list-mine,652
2021-09-04 19:21:54.398,/manager/task/show,593
2021-09-04 19:21:56.909,/manager/task/list-mine,616
2021-09-04 19:21:59.625,/manager/task/show,591
2021-09-04 19:22:00.309,/master/welcome,301
2021-09-04 19:22:01.004,/master/welcome,590
2021-09-04 19:22:01.392,/master/welcome,314
2021-09-04 19:22:01.719,/master/welcome,297
2021-09-04 19:22:02.424,/master/sign-in,595
2021-09-04 19:22:03.745,/master/welcome,622
2021-09-04 19:22:04.554,/manager/task/list-mine,601
2021-09-04 19:22:05.383,/manager/task/show,596
2021-09-04 19:22:06.768,/manager/task/update,642
2021-09-04 19:22:07.391,/master/welcome,348
2021-09-04 19:22:07.803,/master/welcome,365
2021-09-04 19:22:08.505,/master/sign-in,593
2021-09-04 19:22:09.749,/master/welcome,592
2021-09-04 19:22:10.607,/manager/task/list-mine,635
2021-09-04 19:22:11.432,/manager/task/show,593
2021-09-04 19:22:12.875,/manager/task/update,604
2021-09-04 19:22:13.341,/master/welcome,326
2021-09-04 19:22:13.717,/master/welcome,346
2021-09-04 19:22:14.418,/master/sign-in,593
2021-09-04 19:22:15.713,/master/welcome,593
2021-09-04 19:22:16.541,/manager/task/list-mine,597
2021-09-04 19:22:17.361,/manager/task/show,589
2021-09-04 19:22:19.059,/manager/task/update,610
2021-09-04 19:22:19.65,/master/welcome,505
2021-09-04 19:22:20.205,/master/welcome,521
2021-09-04 19:22:21.037,/master/sign-in,679
2021-09-04 19:22:22.574,/master/welcome,630
2021-09-04 19:22:23.531,/manager/task/list-mine,716
2021-09-04 19:22:24.374,/manager/task/show,608
2021-09-04 19:22:25.92,/manager/task/update,610
2021-09-04 19:22:26.244,/master/welcome,269
2021-09-04 19:22:26.589,/master/welcome,314
2021-09-04 19:22:27.288,/master/sign-in,589
2021-09-04 19:22:28.554,/master/welcome,587
2021-09-04 19:22:29.362,/manager/task/list-mine,592
2021-09-04 19:22:30.188,/manager/task/show,597
2021-09-04 19:22:31.64,/manager/task/update,611
2021-09-04 19:22:32.015,/master/welcome,315
2021-09-04 19:22:32.325,/master/welcome,291
2021-09-04 19:22:33.015,/master/sign-in,580
2021-09-04 19:22:34.288,/master/welcome,590
2021-09-04 19:22:35.098,/manager/task/list-mine,594
2021-09-04 19:22:35.922,/manager/task/show,594
2021-09-04 19:22:37.354,/manager/task/update,592
2021-09-04 19:22:37.749,/master/welcome,328
2021-09-04 19:22:38.116,/master/welcome,334
2021-09-04 19:22:38.812,/master/sign-in,588
2021-09-04 19:22:40.062,/master/welcome,587
2021-09-04 19:22:40.869,/manager/task/list-mine,599
2021-09-04 19:22:41.693,/manager/task/show,590
2021-09-04 19:22:43.314,/manager/task/update,610
2021-09-04 19:22:47.856,/master/welcome,397
2021-09-04 19:22:48.205,/master/welcome,313
2021-09-04 19:22:48.907,/master/sign-in,593
2021-09-04 19:22:50.164,/master/welcome,590
2021-09-04 19:22:53.717,/master/welcome,302
2021-09-04 19:22:54.419,/master/welcome,594
2021-09-04 19:22:55.134,/master/welcome,613
2021-09-04 19:22:56.527,/anonymous/shout/list,1179
2021-09-04 19:22:57.858,/master/welcome,304
2021-09-04 19:22:59.198,/anonymous/shout/list,1154
2021-09-04 19:23:00.446,/master/welcome,281
2021-09-04 19:23:00.77,/master/welcome,298
2021-09-04 19:23:01.473,/master/sign-in,593
2021-09-04 19:23:02.748,/master/welcome,592
2021-09-04 19:23:03.256,/anonymous/shout/list,404
2021-09-04 19:23:07.215,/master/welcome,449
2021-09-04 19:23:07.638,/master/welcome,394
2021-09-04 19:23:08.365,/master/sign-in,606
2021-09-04 19:23:09.636,/master/welcome,604
2021-09-04 19:23:13.832,/master/welcome,346
2021-09-04 19:23:14.558,/master/welcome,598
2021-09-04 19:23:15.05,/master/welcome,406
2021-09-04 19:23:15.812,/anonymous/shout/list,594
2021-09-04 19:23:16.601,/anonymous/shout/create,617
2021-09-04 19:23:18.65,/master/welcome,604
2021-09-04 19:23:19.433,/anonymous/shout/list,596
2021-09-04 19:23:20.461,/master/welcome,288
2021-09-04 19:23:21.226,/anonymous/shout/list,594
2021-09-04 19:23:21.983,/anonymous/shout/create,589
2021-09-04 19:23:23.039,/master/welcome,606
2021-09-04 19:23:23.828,/anonymous/shout/list,595
2021-09-04 19:23:25.75,/master/welcome,281
2021-09-04 19:23:26.511,/anonymous/shout/list,591
2021-09-04 19:23:27.277,/anonymous/shout/create,593
2021-09-04 19:23:28.334,/master/welcome,593
2021-09-04 19:23:29.095,/anonymous/shout/list,590
2021-09-04 19:23:31.006,/master/welcome,271
2021-09-04 19:23:31.768,/anonymous/shout/create,596
2021-09-04 19:23:32.745,/anonymous/shout/create,591
2021-09-04 19:23:33.089,/master/welcome,274
2021-09-04 19:23:33.853,/anonymous/shout/create,591
2021-09-04 19:23:34.862,/anonymous/shout/create,608
2021-09-04 19:23:35.191,/master/welcome,271
2021-09-04 19:23:35.954,/anonymous/shout/create,593
2021-09-04 19:23:37.022,/anonymous/shout/create,606
2021-09-04 19:23:37.346,/master/welcome,267
2021-09-04 19:23:38.107,/anonymous/shout/create,592
2021-09-04 19:23:39.163,/anonymous/shout/create,622
2021-09-04 19:23:39.506,/master/welcome,283
2021-09-04 19:23:40.266,/anonymous/shout/create,590
2021-09-04 19:23:41.337,/anonymous/shout/create,610
2021-09-04 19:23:41.679,/master/welcome,281
2021-09-04 19:23:42.44,/anonymous/shout/create,591
2021-09-04 19:23:43.479,/anonymous/shout/create,606
2021-09-04 19:23:47.539,/master/welcome,437
2021-09-04 19:23:47.935,/master/welcome,367
2021-09-04 19:23:48.636,/master/sign-in,594
2021-09-04 19:23:49.892,/master/welcome,593
2021-09-04 19:23:53.656,/master/welcome,475
2021-09-04 19:23:54.359,/master/welcome,602
2021-09-04 19:23:54.711,/master/welcome,283
2021-09-04 19:23:56.023,/anonymous/task/list,1138
2021-09-04 19:23:56.616,/master/welcome,304
2021-09-04 19:23:57.378,/anonymous/task/list,591
2021-09-04 19:23:57.952,/master/welcome,301
2021-09-04 19:23:58.803,/anonymous/task/list,663
2021-09-04 19:23:59.53,/master/welcome,394
2021-09-04 19:24:00.321,/anonymous/task/list,589
2021-09-04 19:24:01.024,/master/welcome,282
2021-09-04 19:24:01.352,/master/welcome,297
2021-09-04 19:24:02.062,/master/sign-in,595
2021-09-04 19:24:03.337,/master/welcome,602
2021-09-04 19:24:03.827,/anonymous/task/list,385
2021-09-04 19:24:07.795,/master/welcome,457
2021-09-04 19:24:08.26,/master/welcome,442
2021-09-04 19:24:09.02,/master/sign-in,620
2021-09-04 19:24:10.282,/master/welcome,594
2021-09-04 19:24:13.862,/master/welcome,326
2021-09-04 19:24:14.571,/master/welcome,596
2021-09-04 19:24:15.248,/master/welcome,598
2021-09-04 19:24:15.827,/anonymous/task/show,545
2021-09-04 19:24:46.244,/master/welcome,347
2021-09-04 19:24:46.617,/anonymous/task/show,344
